slug,documentId,url,done?
data-collection-services,xs9vqqlf0e0i9fbfg3g4o3ww,https://thunderbit.com/ko/blog/data-collection-services,
top-ai-scrapers,tg8pqbzxjln89d15wzxs00l5,https://thunderbit.com/ko/blog/top-ai-scrapers,
best-rank-racker-tools,q86lniz8xxakk7popenlrwab,https://thunderbit.com/ko/blog/best-rank-racker-tools,
job-scraping-software,pj0n5o6e3arbajcnqdhrwbtu,https://thunderbit.com/ko/blog/job-scraping-software,
best-b2b-leads-databases,m1wr3zryvn7cx1y0y0qmusk3,https://thunderbit.com/ko/blog/best-b2b-leads-databases,
best-real-estate-data-providers,pf3wtfsgzebcajr3xbq3o9r2,https://thunderbit.com/ko/blog/best-real-estate-data-providers,
desktop-automation-tools-to-boost-productivity,xaohyp69zao6okhrsnh9iq40,https://thunderbit.com/ko/blog/desktop-automation-tools-to-boost-productivity,
top-data-providers-integrators,uvor3r0rhn1mp5jiyaqc8s3u,https://thunderbit.com/ko/blog/top-data-providers-integrators,
best-free-ai-chrome-extensions,d7jsvuk9p6ktnn03oo8p5bva,https://thunderbit.com/ko/blog/best-free-ai-chrome-extensions,
top-no-code-ai-tools,gwhlcp2uyws6m9794loyiyki,https://thunderbit.com/ko/blog/top-no-code-ai-tools,
top-lead-generation-tools,lr0jztmxteh827qlgi024zko,https://thunderbit.com/ko/blog/top-lead-generation-tools,
chrome-extension-data-scraper-tools,jgdxwjjoo21n26cidh8wu3va,https://thunderbit.com/ko/blog/chrome-extension-data-scraper-tools,
top-automated-lead-generation-software,gl4lkoowjv0f8wz2pxhlay28,https://thunderbit.com/ko/blog/top-automated-lead-generation-software,
ai-web-scraper-tools-for-productivity,lobp9kvm8sixrxk9hcrxwz3i,https://thunderbit.com/ko/blog/ai-web-scraper-tools-for-productivity,
top-data-providers-vendor,uvor3r0rhn1mp5jiyaqc8s3u,https://thunderbit.com/ko/blog/top-data-providers-vendor,
simplescraper-review-and-alternative,nr3w8npz7ne8kh10jgh9eh53,https://thunderbit.com/ko/blog/simplescraper-review-and-alternative,
tools-to-scrape-facebook,v97if39m4uvahdbobldz6h6g,https://thunderbit.com/ko/blog/tools-to-scrape-facebook,
leading-tools-for-effective-marketplace-analysis,nr44d0nv8cumtbizzsh52mn3,https://thunderbit.com/ko/blog/leading-tools-for-effective-marketplace-analysis,
best-data-collection-tools,i1aa4lptqb40eucagl0d6ivg,https://thunderbit.com/ko/blog/best-data-collection-tools,
must-have-ecommerce-web-scrapers,agcoutlt7s2xligat2zolm34,https://thunderbit.com/ko/blog/must-have-ecommerce-web-scrapers,
top-chrome-extensions-for-sales-success,zv99gkpz3m5loffss371fguo,https://thunderbit.com/ko/blog/top-chrome-extensions-for-sales-success,
best-business-process-automation-tools,u5ocyy0pk2pf48q5wzazl2ly,https://thunderbit.com/ko/blog/best-business-process-automation-tools,
best-financial-content-providers,iwnp62fx3p76sd8pplng8riz,https://thunderbit.com/ko/blog/best-financial-content-providers,
top-sales-automation-tools-boost-efficiency,uixaepu4nwqgmzlsucgy7gcx,https://thunderbit.com/ko/blog/top-sales-automation-tools-boost-efficiency,
top-ebay-inventory-management-software,k52lqonloeva5uyfot5ri6yh,https://thunderbit.com/ko/blog/top-ebay-inventory-management-software,
best-email-scraping-tools,izi00qxn1kejhlhf8j6x1s70,https://thunderbit.com/ko/blog/best-email-scraping-tools,
top-competitor-analysis-tools-for-ecommerce,z53zqyrbqbz7alkx99cdh2xt,https://thunderbit.com/ko/blog/top-competitor-analysis-tools-for-ecommerce,
top-sales-intelligence-tools,v2j4hgjpbf6o88tpy7y3e4vk,https://thunderbit.com/ko/blog/top-sales-intelligence-tools,
top-price-monitoring-software,id1sl7xb2nwobpv9h5yy1ghx,https://thunderbit.com/ko/blog/top-price-monitoring-software,
top-price-comparison-software,dk2a54cpv9uo4pemzzg5dvy7,https://thunderbit.com/ko/blog/top-price-comparison-software,
best-email-scrapers,xp37iaekgjlj3j5663d3tj6h,https://thunderbit.com/ko/blog/best-email-scrapers,
anypicker-review-and-alternative,m4h9gkzcmakh6bttbhfk2ocd,https://thunderbit.com/ko/blog/anypicker-review-and-alternative,
best-market-data-providers,egm2mmpzqxd6adoaj8jnknof,https://thunderbit.com/ko/blog/best-market-data-providers,
sales-automation-tools,fs2ufrslijxu55lopj88ckmn,https://thunderbit.com/ko/blog/sales-automation-tools,
top-pricing-tracking-tools,bx1eq3afxpz1dl0ycn6dg8ah,https://thunderbit.com/ko/blog/top-pricing-tracking-tools,
best-field-sales-software,a5kn0umkn86spt6g978n72df,https://thunderbit.com/ko/blog/best-field-sales-software,
best-sales-acceleration-tools,fj6pq6b5pf9v4vjj5mycczc6,https://thunderbit.com/ko/blog/best-sales-acceleration-tools,
top-website-scraping-tools,h6iffxt9p2mxhggha9cwkzlh,https://thunderbit.com/ko/blog/top-website-scraping-tools,
tools-for-competitive-price-tracking,jsffepsttvzgwtjo6hf3r7e8,https://thunderbit.com/ko/blog/tools-for-competitive-price-tracking,
reliable-business-data-vendors-efficiency,xh9uxv894djaw12zwerpvqzd,https://thunderbit.com/ko/blog/reliable-business-data-vendors-efficiency,
best-tools-for-web-scraping,v8hc2m3mmhih5woduh3pi4sb,https://thunderbit.com/ko/blog/best-tools-for-web-scraping,
data-mining-software-tools,zb95ohrns0pqk98shcmi8j0y,https://thunderbit.com/ko/blog/data-mining-software-tools,
top-autofill-extensions,l70g1pn7wglmq28cbqdoblif,https://thunderbit.com/ko/blog/top-autofill-extensions,
best-web-page-scraper,n4x467dxk27sc75l3z2o8dew,https://thunderbit.com/ko/blog/best-web-page-scraper,
amazon-seller-tools-enhance-sales,mwoy3ixrqilqhsrocv1ch67u,https://thunderbit.com/ko/blog/amazon-seller-tools-enhance-sales,
best-data-collection-services,gtfi20h8oljmlixabymkfu75,https://thunderbit.com/ko/blog/best-data-collection-services,
best-data-extraction-tools,ajozlsr2036m4c1uaf4bvdq2,https://thunderbit.com/ko/blog/best-data-extraction-tools,
best-mobile-proxy-providers,bgw8leqbr8nmidlsjp4cgzr9,https://thunderbit.com/ko/blog/best-mobile-proxy-providers,
best-no-code-test-automation-tools,t364i29klsi35gwgpt41fcyl,https://thunderbit.com/ko/blog/best-no-code-test-automation-tools,
ai-tools-for-ecommerce,yue8zqjgj1mrad5gkixpsw0k,https://thunderbit.com/ko/blog/ai-tools-for-ecommerce,
email-finder-tools-for-leads-generation,ejiausdtc4jzau9zaxyqq5y6,https://thunderbit.com/ko/blog/email-finder-tools-for-leads-generation,
